gene,gene_name,zscore,effect_size,pvalue,var_g,pred_perf_r2,pred_perf_pval,pred_perf_qval,n_snps_used,n_snps_in_cov,n_snps_in_model
ENSG00000100266.18,PACSIN2,-3.608638083423685,-0.2505311395138376,0.0003078086669762168,0.0075048943751061465,0.153494149022872,7.570318632243778e-08,1.0666475631506798e-07,3,11.0,76
ENSG00000100304.12,TTLL12,3.175496581514367,0.095082759837602,0.0014958028401457154,0.04013784215208546,0.171068750922737,1.159659875824357e-08,1.7266172320651743e-08,2,11.0,35
ENSG00000274717.1,RP1-47A17.1,-3.1747891909653556,-0.19002634962981,0.0014994539295105796,0.010044687098980622,0.297557524145568,4.940246551385494e-15,1.1635730662427562e-14,2,21.0,11
ENSG00000230319.1,AL022476.2,3.17462933793397,0.15612070731880912,0.0015002801232673522,0.014879875863655918,0.123963215628329,1.651440997195944e-06,2.118307955079762e-06,2,11.0,11
ENSG00000159307.18,SCUBE1,3.1729941819606196,1.6225230276248566,0.0015087554786859367,0.00013762302120396737,0.220389328999268,4.948567527283008e-11,8.705234240987224e-11,2,11.0,68
ENSG00000186732.13,MPPED1,2.876327798182831,0.12137598375285598,0.004023316549154212,0.01997257022617398,0.259273336168975,5.340959201157096e-13,1.0775742894209792e-12,4,11.0,49
ENSG00000241954.1,RP1-149A16.17,1.533663207616219,0.03608645760155958,0.12511252962002245,0.0691446298107931,0.130447282572796,8.451463854189807e-07,1.1067852037100334e-06,5,12.0,25
ENSG00000075240.16,GRAMD4,-1.3996305230031618,-0.04104980487016306,0.16162398879434947,0.04312963210700958,0.106209697343129,1.015576735419148e-05,1.2329702755062278e-05,3,11.0,22
ENSG00000100191.5,SLC5A4,-1.368973251691006,-0.02497614489589528,0.17100763624157322,0.12001741439983407,0.32395250347636,1.6936008520856779e-16,4.4144126606987825e-16,6,12.0,65
ENSG00000128313.2,APOL5,-1.3225181287936463,-0.03529419197773801,0.185995676660349,0.07951907081966089,0.195219217709103,8.319341999971373e-10,1.3459784168997528e-09,10,10.0,22
ENSG00000198792.12,TMEM184B,-1.0763876646701496,-0.10458346935583428,0.28175391678302353,0.003852598629678673,0.199087385292265,5.420078074831456e-10,8.884866610446283e-10,2,13.0,65
ENSG00000260708.1,CTA-29F11.1,-0.9570599093156686,-0.06631157261348519,0.33853701736679165,0.00768778425952551,0.159923945190478,3.825435867272013e-08,5.504967723402086e-08,2,11.0,53
ENSG00000100336.17,APOL4,-0.8799618352559371,-0.03849514651993341,0.3788799848089254,0.02893733841130275,0.0646799999968275,0.0006589570557705745,0.0007004277450740442,3,21.0,10
ENSG00000213790.2,OLA1P1,0.7176466584205627,0.09966848633835688,0.47297518081788636,0.0022120836961423873,0.160134770920177,3.7404969782845766e-08,5.386784676564058e-08,1,10.0,40
ENSG00000100162.14,CENPM,-0.7176466584205626,-0.04671540950109078,0.47297518081788636,0.01006924620302482,0.197553223981435,6.425462906711447e-10,1.0465724727329335e-09,1,10.0,40
ENSG00000168135.4,KCNJ4,-0.5716509819030762,-1.2390663787821454,0.5675584491158898,7.840283293775538e-06,0.0632611806904716,0.000759131510819809,0.0008037451395958061,1,13.0,45
ENSG00000205853.10,RFPL3S,0.5511675216246906,0.013683866347916549,0.5815188420779229,0.06848314097464789,0.273143601000568,1.0058610266136065e-13,2.1333913002137156e-13,6,12.0,57
ENSG00000008735.13,MAPK8IP2,NA,NA,NA,NA,0.12588157716353,1.3550486406102942e-06,1.7483761985574192e-06,0,NA,53
ENSG00000025770.18,NCAPH2,NA,NA,NA,NA,0.102118951308632,1.5382087630437082e-05,1.835701015046836e-05,0,NA,20
ENSG00000040608.13,RTN4R,NA,NA,NA,NA,0.125287236298417,1.4407393458909742e-06,1.8547727490607079e-06,0,NA,67
ENSG00000054611.13,TBC1D22A,NA,NA,NA,NA,0.170550467536519,1.2262167636646199e-08,1.8224651608784417e-08,0,11.0,21
ENSG00000056487.15,PHF21B,NA,NA,NA,NA,0.116353019008715,3.6086007075639967e-06,4.520837646727298e-06,0,NA,132
ENSG00000070010.18,UFD1L,NA,NA,NA,NA,0.110921270543479,6.286372987866027e-06,7.751871562543693e-06,0,NA,42
ENSG00000070371.15,CLTCL1,NA,NA,NA,NA,0.0925425158181403,4.047894594657078e-05,4.6794231927163096e-05,0,NA,21
ENSG00000073169.13,SELENOO,NA,NA,NA,NA,0.127366043671468,1.1624717060694943e-06,1.509012437887329e-06,0,NA,30
ENSG00000099899.14,TRMT2A,NA,NA,NA,NA,0.125401307492764,1.4238861861375824e-06,1.834361508445332e-06,0,NA,40
ENSG00000099901.16,RANBP1,NA,NA,NA,NA,0.0699796951671955,0.00038833549810890234,0.0004181444458718616,0,NA,11
ENSG00000099904.15,ZDHHC8,NA,NA,NA,NA,0.156558050524972,5.4713265326880056e-08,7.78422858196615e-08,0,NA,52
ENSG00000099942.12,CRKL,NA,NA,NA,NA,0.174360889649213,8.129706070595128e-09,1.2217163784204783e-08,0,NA,53
ENSG00000099949.18,LZTR1,NA,NA,NA,NA,0.0164829652163697,0.08948302668098433,0.09021947208876155,0,NA,90
ENSG00000099954.18,CECR2,NA,NA,NA,NA,0.357353994154528,1.96656794563195e-18,5.8971365158180015e-18,0,NA,82
ENSG00000099956.18,SMARCB1,NA,NA,NA,NA,0.170573459063307,1.2231856165035751e-08,1.8182542378959468e-08,0,NA,20
ENSG00000099957.16,P2RX6,NA,NA,NA,NA,0.238602190839147,6.09348715724935e-12,1.1407286063734114e-11,0,NA,34
ENSG00000099968.17,BCL2L13,NA,NA,NA,NA,0.235973275822388,8.26795911587468e-12,1.5352871535298418e-11,0,NA,41
ENSG00000099984.11,GSTT2,NA,NA,NA,NA,0.0560430074891654,0.0015596871335471177,0.001624025995357085,0,NA,11
ENSG00000099991.17,CABIN1,NA,NA,NA,NA,0.0695645828915624,0.0004047640656737051,0.0004352729676275752,0,NA,54
ENSG00000099992.15,TBC1D10A,NA,NA,NA,NA,0.0950432933345531,3.145818656188264e-05,3.6647371387165924e-05,0,NA,24
ENSG00000099994.10,SUSD2,NA,NA,NA,NA,0.0624902613209704,0.0008198042694750887,0.0008665855531450891,0,NA,68
ENSG00000099998.17,GGT5,NA,NA,NA,NA,0.406768247531551,1.7513049083544385e-21,6.56507119459836e-21,0,NA,111
ENSG00000100024.14,UPB1,NA,NA,NA,NA,0.114247698664167,4.476017203847761e-06,5.568807863094547e-06,0,NA,32
ENSG00000100029.17,PES1,NA,NA,NA,NA,0.0629853050555435,0.0007803095183886836,0.0008255969432237707,0,NA,10
ENSG00000100030.14,MAPK1,NA,NA,NA,NA,0.078202747216772,0.00017074305326569974,0.00018801380314060993,0,NA,11
ENSG00000100034.13,PPM1F,NA,NA,NA,NA,0.129698845521779,9.132620965970504e-07,1.1941158593331008e-06,0,NA,32
ENSG00000100053.9,CRYBB3,NA,NA,NA,NA,0.265515342673216,2.528800234064972e-13,5.210723604079157e-13,0,NA,106
ENSG00000100055.20,CYTH4,NA,NA,NA,NA,0.149605023788846,1.1416045019341864e-07,1.5888979213783304e-07,0,NA,22
ENSG00000100058.12,CRYBB2P1,NA,NA,NA,NA,0.143613955410545,2.14312656346805e-07,2.9302153073131613e-07,0,NA,45
ENSG00000100077.14,GRK3,NA,NA,NA,NA,0.137398751633307,4.1040134382342696e-07,5.494342921535257e-07,0,NA,21
ENSG00000100078.3,PLA2G3,NA,NA,NA,NA,0.105832857465444,1.0552213988848615e-05,1.2787357178784104e-05,0,NA,20
ENSG00000100079.6,LGALS2,NA,NA,NA,NA,0.142394176799081,2.4352919898114464e-07,3.31439235704156e-07,0,NA,22
ENSG00000100104.13,SRRD,NA,NA,NA,NA,0.0743306559919131,0.00025147278153575043,0.00027408445038558426,0,10.0,11
ENSG00000100105.17,PATZ1,NA,NA,NA,NA,0.0440633044910747,0.0051709827664847855,0.005278412360677948,0,NA,99
ENSG00000100106.19,TRIOBP,NA,NA,NA,NA,0.0848320250913543,8.78786041690815e-05,9.893746049571386e-05,0,13.0,11
ENSG00000100154.14,TTC28,NA,NA,NA,NA,0.121159152961145,2.2038887220517263e-06,2.8015121165206505e-06,0,10.0,35
ENSG00000100167.19,SEPT3,NA,NA,NA,NA,0.136631219241365,4.445730035265037e-07,5.93970736716812e-07,0,10.0,22
ENSG00000100181.22,TPTEP1,NA,NA,NA,NA,0.247232890340389,2.2220152794183105e-12,4.287248296366115e-12,0,NA,61
ENSG00000100201.20,DDX17,NA,NA,NA,NA,0.294015128830556,7.69694164328566e-15,1.7768718547363982e-14,0,13.0,46
ENSG00000100206.9,DMC1,NA,NA,NA,NA,0.248943357022275,1.8170303234803286e-12,3.5280052006987225e-12,0,13.0,30
ENSG00000100207.18,TCF20,NA,NA,NA,NA,0.20542513004813,2.675282188172748e-10,4.4830371593892413e-10,0,10.0,32
ENSG00000100209.9,HSCB,NA,NA,NA,NA,0.254368581239275,9.571005270098495e-13,1.8948156953601587e-12,0,NA,86
ENSG00000100216.5,TOMM22,NA,NA,NA,NA,0.336040992200585,3.4624879683332514e-17,9.550687317035699e-17,0,NA,99
ENSG00000100218.11,RSPH14,NA,NA,NA,NA,0.0926184587727057,4.0170423119705244e-05,4.645579523964278e-05,0,NA,11
ENSG00000100226.15,GTPBP1,NA,NA,NA,NA,0.161868302606867,3.109338473842918e-08,4.498992424829721e-08,0,NA,111
ENSG00000100234.11,TIMP3,NA,NA,NA,NA,0.150375733398653,1.052482176703315e-07,1.4685203097266604e-07,0,12.0,36
ENSG00000100239.15,PPP6R2,NA,NA,NA,NA,0.129179636432504,9.63686701873772e-07,1.2584356760682515e-06,0,NA,22
ENSG00000100241.20,SBF1,NA,NA,NA,NA,0.110393221702657,6.634105197376428e-06,8.164232327015084e-06,0,NA,24
ENSG00000100243.20,CYB5R3,NA,NA,NA,NA,0.1521690979266,8.709072003180454e-08,1.223344344369699e-07,0,21.0,90
ENSG00000100246.12,DNAL4,NA,NA,NA,NA,0.270818398998204,1.3335164698933328e-13,2.8095274765833393e-13,0,NA,68
ENSG00000100249.4,C22orf31,NA,NA,NA,NA,0.228788089984236,1.8944450279709125e-11,3.426409629330067e-11,0,NA,79
ENSG00000100258.17,LMF2,NA,NA,NA,NA,0.106538215788327,9.82224660356662e-06,1.1935828831314653e-05,0,NA,30
ENSG00000100263.13,RHBDD3,NA,NA,NA,NA,0.177437703665128,5.8267682558859745e-09,8.857767494222424e-09,0,NA,20
ENSG00000100280.16,AP1B1,NA,NA,NA,NA,0.178624543645414,5.122791462849494e-09,7.82253747061013e-09,0,NA,23
ENSG00000100281.13,HMGXB4,NA,NA,NA,NA,0.106371659042057,9.989957245983118e-06,1.21348132173576e-05,0,10.0,32
ENSG00000100285.9,NEFH,NA,NA,NA,NA,0.213815848308935,1.0422872463066055e-10,1.793358655255635e-10,0,NA,81
ENSG00000100288.19,CHKB,NA,NA,NA,NA,0.0372194152560295,0.010307893904541806,0.010461607113103956,0,NA,10
ENSG00000100294.12,MCAT,NA,NA,NA,NA,0.270696239399571,1.3533866050650481e-13,2.8487780360452836e-13,0,11.0,68
ENSG00000100296.13,THOC5,NA,NA,NA,NA,0.117264179344911,3.287021636074793e-06,4.133181167682386e-06,0,NA,132
ENSG00000100297.15,MCM5,NA,NA,NA,NA,0.179976006416329,4.423268798941856e-09,6.775757539959616e-09,0,10.0,36
ENSG00000100298.15,APOBEC3H,NA,NA,NA,NA,0.077733185499488,0.00017895586178613842,0.00019675080269128154,0,NA,11
ENSG00000100299.17,ARSA,NA,NA,NA,NA,0.194903036049617,8.615172517366975e-10,1.392124605866475e-09,0,NA,21
ENSG00000100300.17,TSPO,NA,NA,NA,NA,0.257436544379143,6.647781877656992e-13,1.3324568039247916e-12,0,11.0,45
ENSG00000100302.6,RASD2,NA,NA,NA,NA,0.249096796296291,1.784489998587321e-12,3.4670953916304305e-12,0,10.0,56
ENSG00000100307.12,CBX7,NA,NA,NA,NA,0.109887861270559,6.98475818902857e-06,8.58196820550876e-06,0,NA,22
ENSG00000100324.13,TAB1,NA,NA,NA,NA,0.108257913586516,8.245979413570253e-06,1.0070990143810113e-05,0,NA,31
ENSG00000100346.17,CACNA1I,NA,NA,NA,NA,0.174252727024367,8.225291492228906e-09,1.2354745501160566e-08,0,NA,35
ENSG00000100348.9,TXN2,NA,NA,NA,NA,0.0995456326466245,1.9960975717360872e-05,2.361898839550698e-05,0,11.0,31
ENSG00000100350.14,FOXRED2,NA,NA,NA,NA,0.0672934427315208,0.0005077275660984898,0.0005423158425148715,0,11.0,11
ENSG00000100354.20,TNRC6B,NA,NA,NA,NA,0.137272395222947,4.1584225985457507e-07,5.566373373461299e-07,0,NA,53
ENSG00000100359.20,SGSM3,NA,NA,NA,NA,0.168468125002037,1.5339596561055474e-08,2.2597436780980872e-08,0,NA,22
ENSG00000100362.12,PVALB,NA,NA,NA,NA,0.132459128104403,6.860154462361496e-07,9.034126300727738e-07,0,11.0,11
ENSG00000100372.14,SLC25A17,NA,NA,NA,NA,0.063369658202762,0.0007509623449719904,0.0007952791638546159,0,NA,21
ENSG00000100373.9,UPK3A,NA,NA,NA,NA,0.14752956914979,1.4205258714155402e-07,1.963682816604788e-07,0,NA,23
ENSG00000100379.17,KCTD17,NA,NA,NA,NA,0.123885210382553,1.6647667525096237e-06,2.1351028646089366e-06,0,11.0,32
ENSG00000100385.13,IL2RB,NA,NA,NA,NA,0.0643353911065242,0.0006820012579054848,0.0007244193708249243,0,NA,10
ENSG00000100395.14,L3MBTL2,NA,NA,NA,NA,0.174752579335279,7.792676729872938e-09,1.1729867921702581e-08,0,NA,131
ENSG00000100401.19,RANGAP1,NA,NA,NA,NA,0.0808389782099127,0.00013113803196325866,0.00014569482922350914,0,NA,102
ENSG00000100403.11,ZC3H7B,NA,NA,NA,NA,0.136234679584164,4.633177357508986e-07,6.180260389197527e-07,0,NA,21
ENSG00000100412.15,ACO2,NA,NA,NA,NA,0.127946967034531,1.0947311073835324e-06,1.4234912842683125e-06,0,NA,23
ENSG00000100413.16,POLR3H,NA,NA,NA,NA,0.159782063125877,3.8836710977197016e-08,5.5824734114281315e-08,0,NA,20
ENSG00000100418.7,DESI1,NA,NA,NA,NA,0.214507496625252,9.639735061724288e-11,1.6623477054640158e-10,0,NA,80
ENSG00000100427.15,MLC1,NA,NA,NA,NA,0.131011413374987,7.971569336367114e-07,1.0454293328938202e-06,0,NA,37
ENSG00000128191.15,DGCR8,NA,NA,NA,NA,0.102393662467078,1.4959702211499892e-05,1.7866858692221632e-05,0,NA,11
ENSG00000128203.6,ASPHD2,NA,NA,NA,NA,0.114018835423217,4.581972362005087e-06,5.696003526194391e-06,0,10.0,24
ENSG00000128228.4,SDF2L1,NA,NA,NA,NA,0.0203324729235801,0.05904268547230813,0.05956128613521817,0,NA,119
ENSG00000128242.12,GAL3ST1,NA,NA,NA,NA,0.0609583821474462,0.0009551362531370152,0.0010051302134718699,0,NA,11
ENSG00000128245.14,YWHAH,NA,NA,NA,NA,0.164621340820843,2.316951384535078e-08,3.378535045406808e-08,0,12.0,36
ENSG00000128254.12,C22orf24,NA,NA,NA,NA,0.10321392080304,1.3765855663317855e-05,1.650106742786229e-05,0,12.0,22
ENSG00000128262.8,POM121L9P,NA,NA,NA,NA,0.0946535113508736,3.271980692477572e-05,3.8059195597523654e-05,0,NA,14
ENSG00000128266.8,GNAZ,NA,NA,NA,NA,0.0754747881215229,0.00022429965403855526,0.00024504937233130154,0,NA,119
ENSG00000128268.11,MGAT3,NA,NA,NA,NA,0.119485232140174,2.6173911742882365e-06,3.3101982256517985e-06,0,NA,22
ENSG00000128283.6,CDC42EP1,NA,NA,NA,NA,0.209772099230573,1.6435152891870219e-10,2.792790545043528e-10,0,NA,22
ENSG00000128284.19,APOL3,NA,NA,NA,NA,0.0692281232265034,0.00041858744555030124,0.0004496646147218716,0,21.0,11
ENSG00000128311.13,TST,NA,NA,NA,NA,0.320144219001334,2.7767526689480906e-16,7.124491349426153e-16,0,11.0,99
ENSG00000128340.14,RAC2,NA,NA,NA,NA,0.0599579316981037,0.0010553660434913254,0.0011088282684503484,0,NA,10
ENSG00000128342.4,LIF,NA,NA,NA,NA,0.136617080059115,4.452282616637418e-07,5.947597074973044e-07,0,NA,21
ENSG00000130487.5,KLHDC7B,NA,NA,NA,NA,0.190290331791853,1.4323455485436318e-09,2.281621168519225e-09,0,NA,32
ENSG00000130489.14,SCO2,NA,NA,NA,NA,0.193385204544949,1.018680008161922e-09,1.6391649588426866e-09,0,NA,22
ENSG00000130943.6,PKDREJ,NA,NA,NA,NA,0.331340935637223,6.439763158848227e-17,1.7402512912793385e-16,0,NA,102
ENSG00000133424.20,LARGE1,NA,NA,NA,NA,0.0901592850117248,5.145557156089315e-05,5.901557751859772e-05,0,11.0,11
ENSG00000133433.10,GSTT2B,NA,NA,NA,NA,0.296262198486354,5.811281503617091e-15,1.3596652522341185e-14,0,NA,68
ENSG00000133475.16,GGT2,NA,NA,NA,NA,0.0700797031587413,0.00038447807835624353,0.00041408798311301905,0,NA,13
ENSG00000133519.12,ZDHHC8P1,NA,NA,NA,NA,0.233710080516237,1.0743725395091257e-11,1.9790166184863363e-11,0,NA,49
ENSG00000138867.16,GUCD1,NA,NA,NA,NA,0.192140605121212,1.1684775073135057e-09,1.872008951559981e-09,0,NA,58
ENSG00000138942.15,RNF185,NA,NA,NA,NA,0.0415331845601107,0.006668952108930021,0.006790152036441604,0,NA,23
ENSG00000138944.7,KIAA1644,NA,NA,NA,NA,0.283581096349151,2.806776819259539e-14,6.206658343046124e-14,0,NA,76
ENSG00000159496.14,RGL4,NA,NA,NA,NA,0.194328092441087,9.180039223857073e-10,1.4807970573876193e-09,0,NA,35
ENSG00000161132.6,XXbac-B444P24.10,NA,NA,NA,NA,0.181480639982151,3.7553063228787805e-09,5.773720631628219e-09,0,NA,47
ENSG00000161180.10,CCDC116,NA,NA,NA,NA,0.183584791665818,2.9855662290698056e-09,4.629769200454578e-09,0,NA,52
ENSG00000166897.14,ELFN2,NA,NA,NA,NA,0.174977609371686,7.605347066202056e-09,1.1457276413225854e-08,0,NA,32
ENSG00000167037.18,SGSM1,NA,NA,NA,NA,0.285070649865875,2.3359989162562034e-14,5.196890567206295e-14,0,NA,58
ENSG00000167074.14,TEF,NA,NA,NA,NA,0.111006089071598,6.232230318709355e-06,7.686138546080745e-06,0,NA,11
ENSG00000167077.12,MEI1,NA,NA,NA,NA,0.0949979893092698,3.1602303433528405e-05,3.679659915692041e-05,0,NA,10
ENSG00000169184.5,MN1,NA,NA,NA,NA,0.162150798397137,3.0170009327646927e-08,4.371582490181674e-08,0,10.0,41
ENSG00000169635.9,HIC2,NA,NA,NA,NA,0.0756882067010519,0.00021956492104103343,0.0002399907797436373,0,NA,65
ENSG00000169668.11,BCRP2,NA,NA,NA,NA,0.145200242000156,1.8145679574535136e-07,2.4917426981143155e-07,0,NA,21
ENSG00000172346.14,CSDC2,NA,NA,NA,NA,0.130856292876365,8.100766245521054e-07,1.0619181090576038e-06,0,NA,35
ENSG00000176635.17,HORMAD2,NA,NA,NA,NA,0.206269849337635,2.434073180381503e-10,4.090026404781501e-10,0,NA,47
ENSG00000177663.13,IL17RA,NA,NA,NA,NA,0.0804185522474699,0.00013677772356477717,0.0001516854223431711,0,NA,11
ENSG00000178248.11,LINC01658,NA,NA,NA,NA,0.0573053808305898,0.001375077937863141,0.0014352170956590412,0,NA,11
ENSG00000178803.10,ADORA2A-AS1,NA,NA,NA,NA,0.141423891078108,2.695609550770572e-07,3.652988282076698e-07,0,NA,45
ENSG00000182257.6,PRR34,NA,NA,NA,NA,0.0813073922991029,0.0001251269733328078,0.0001391848221527649,0,NA,21
ENSG00000182841.12,RRP7BP,NA,NA,NA,NA,0.154977709853433,6.469687886936683e-08,9.162067248023157e-08,0,21.0,58
ENSG00000183066.14,WBP2NL,NA,NA,NA,NA,0.380231357132768,8.148141219100461e-20,2.7036880289308428e-19,0,10.0,59
ENSG00000183172.8,SMDT1,NA,NA,NA,NA,0.0753206245729721,0.00022778298482303445,0.00024879577562458876,0,10.0,22
ENSG00000183307.3,CECR6,NA,NA,NA,NA,0.0739167254476316,0.0002620920838598206,0.00028528634835967676,0,NA,11
ENSG00000183506.17,PI4KAP2,NA,NA,NA,NA,0.273783149263198,9.306578379441115e-14,1.979144969206191e-13,0,NA,52
ENSG00000183579.15,ZNRF3,NA,NA,NA,NA,0.3079173095201,1.3340985170928825e-15,3.2556964608364954e-15,0,NA,101
ENSG00000183628.12,DGCR6,NA,NA,NA,NA,0.158976587954145,4.231312869961159e-08,6.066994795443684e-08,0,NA,35
ENSG00000183741.11,CBX6,NA,NA,NA,NA,0.208275016060061,1.9443097113215368e-10,3.286902967363805e-10,0,NA,55
ENSG00000183762.12,KREMEN1,NA,NA,NA,NA,0.287162830649327,1.8038944959638476e-14,4.044456473625142e-14,0,NA,54
ENSG00000183864.4,TOB2,NA,NA,NA,NA,0.169805144389912,1.3286122719308023e-08,1.9663804050419153e-08,0,NA,47
ENSG00000184068.2,RP5-821D11.7,NA,NA,NA,NA,0.107176573247299,9.204960567490678e-06,1.1203494197126025e-05,0,10.0,21
ENSG00000184076.13,UQCR10,NA,NA,NA,NA,0.143110431565647,2.259264721363541e-07,3.0821268388846643e-07,0,NA,22
ENSG00000184117.11,NIPSNAP1,NA,NA,NA,NA,0.175661507025542,7.062968389787388e-09,1.0661171934510682e-08,0,NA,37
ENSG00000184164.14,CRELD2,NA,NA,NA,NA,0.229683609502924,1.7091217903010228e-11,3.1033049613214034e-11,0,NA,67
ENSG00000184208.10,C22orf46,NA,NA,NA,NA,0.0537891857966553,0.001953245404233024,0.002026698901647998,0,NA,33
ENSG00000184702.17,SEPT5,NA,NA,NA,NA,0.126388355014836,1.2859890393296997e-06,1.664002413779354e-06,0,NA,22
ENSG00000184708.17,EIF4ENIF1,NA,NA,NA,NA,0.287698764900216,1.688121108076961e-14,3.7941430384078075e-14,0,NA,66
ENSG00000184792.15,OSBP2,NA,NA,NA,NA,0.122210750440202,1.9779834547373e-06,2.5234257125973776e-06,0,NA,32
ENSG00000184949.15,FAM227A,NA,NA,NA,NA,0.149631334865222,1.1384421626291308e-07,1.5848494833691596e-07,0,13.0,32
ENSG00000184983.9,NDUFA6,NA,NA,NA,NA,0.086186168118457,7.671057604605224e-05,8.677872109223441e-05,0,10.0,45
ENSG00000185065.6,AC000068.5,NA,NA,NA,NA,0.0742153940695166,0.00025438594208950334,0.0002771280573770876,0,NA,10
ENSG00000185133.13,INPP5J,NA,NA,NA,NA,0.231969057263391,1.3135706912037146e-11,2.406117924796597e-11,0,NA,77
ENSG00000185252.18,ZNF74,NA,NA,NA,NA,0.143556372901811,2.1561024429653937e-07,2.94488914017631e-07,0,NA,42
ENSG00000185339.8,TCN2,NA,NA,NA,NA,0.0880218874785025,6.379286430397517e-05,7.264859162430886e-05,0,NA,11
ENSG00000185608.8,MRPL40,NA,NA,NA,NA,0.257553475344859,6.555894548041102e-13,1.314899784051553e-12,0,NA,62
ENSG00000186716.20,BCR,NA,NA,NA,NA,0.104915291023449,1.1582962359641917e-05,1.3977443940161535e-05,0,NA,24
ENSG00000186951.16,PPARA,NA,NA,NA,NA,0.105322856593689,1.111332844723943e-05,1.3433661593637137e-05,0,NA,48
ENSG00000187792.4,ZNF70,NA,NA,NA,NA,0.0337050337564007,0.014727980429561693,0.014922880920468996,0,NA,23
ENSG00000187860.10,CCDC157,NA,NA,NA,NA,0.249406058074719,1.7206460549810115e-12,3.3492850214794467e-12,0,NA,75
ENSG00000188064.9,WNT7B,NA,NA,NA,NA,0.0660708771907499,0.0005735902908358867,0.0006115279174054453,0,NA,14
ENSG00000188511.12,C22orf34,NA,NA,NA,NA,0.0488537421252745,0.0031990612327277928,0.003290749508094823,0,24.0,10
ENSG00000188677.14,PARVB,NA,NA,NA,NA,0.471621439177547,6.882616842126206e-26,3.482240283340065e-25,0,NA,80
ENSG00000189060.5,H1F0,NA,NA,NA,NA,0.227985648751499,2.0773197569323436e-11,3.7461067569566973e-11,0,13.0,55
ENSG00000189269.12,DRICH1,NA,NA,NA,NA,0.0802234199152968,0.00013947671831485205,0.00015445487379496935,0,NA,25
ENSG00000189306.10,RRP7A,NA,NA,NA,NA,0.0775290703988719,0.00018264754343431299,0.0002006415147147857,0,21.0,11
ENSG00000196236.12,XPNPEP3,NA,NA,NA,NA,0.0653431024691916,0.0006167813461395411,0.000656433106490224,0,NA,11
ENSG00000196588.14,MKL1,NA,NA,NA,NA,0.20428137778566,3.039972656329348e-10,5.071957284611232e-10,0,NA,56
ENSG00000197077.13,KIAA1671,NA,NA,NA,NA,0.155225743533196,6.301824665908892e-08,8.927099141284443e-08,0,NA,34
ENSG00000197421.9,GGT3P,NA,NA,NA,NA,0.289568969215835,1.3387950520240084e-14,3.036496899036433e-14,0,NA,65
ENSG00000198089.15,SFI1,NA,NA,NA,NA,0.137492314684415,4.0641804487712396e-07,5.446570881462974e-07,0,NA,99
ENSG00000198355.4,PIM3,NA,NA,NA,NA,0.122071460937709,2.00653155263704e-06,2.5577153032226865e-06,0,NA,34
ENSG00000198832.10,SELENOM,NA,NA,NA,NA,0.125999133350824,1.3387084052701947e-06,1.7292356006779909e-06,0,NA,52
ENSG00000198911.11,SREBF2,NA,NA,NA,NA,0.176685166528595,6.32192333247366e-09,9.5819583600739e-09,0,10.0,35
ENSG00000198951.11,NAGA,NA,NA,NA,NA,0.0763517127879696,0.00020547191905551242,0.00022498820072482995,0,10.0,32
ENSG00000203280.4,CTA-221G9.12,NA,NA,NA,NA,0.0988514156901383,2.1413062572502758e-05,2.528508146975393e-05,0,NA,22
ENSG00000205559.3,CHKB-AS1,NA,NA,NA,NA,0.143584540424293,2.1497453577503124e-07,2.937079605503326e-07,0,NA,24
ENSG00000205593.11,DENND6B,NA,NA,NA,NA,0.28745780169091,1.7392355764344984e-14,3.9042502996042443e-14,0,NA,42
ENSG00000205632.3,LINC01310,NA,NA,NA,NA,0.0445434044854303,0.004927626322474999,0.0050333552696943075,0,24.0,62
ENSG00000206069.6,TMEM211,NA,NA,NA,NA,0.0931794639378485,3.796259041859258e-05,4.397381250202075e-05,0,NA,20
ENSG00000206140.10,TMEM191C,NA,NA,NA,NA,0.0913350367620314,4.571320936915529e-05,5.263980043662098e-05,0,NA,10
ENSG00000206195.10,DUXAP8,NA,NA,NA,NA,0.126355251344701,1.290391578594566e-06,1.6694054948080642e-06,0,10.0,22
ENSG00000213707.2,HMGB1P10,NA,NA,NA,NA,0.221152178361531,4.537065550106e-11,8.007406506794838e-11,0,10.0,34
ENSG00000213923.11,CSNK1E,NA,NA,NA,NA,0.183005939849652,3.180198183787679e-09,4.9183068359941414e-09,0,13.0,21
ENSG00000214076.3,CPSF1P1,NA,NA,NA,NA,0.0860367634438481,7.786993009376296e-05,8.804687640924122e-05,0,12.0,10
ENSG00000215193.12,PEX26,NA,NA,NA,NA,0.265753926956637,2.4572645691126903e-13,5.071281864556918e-13,0,NA,47
ENSG00000215347.3,SLC25A5P1,NA,NA,NA,NA,0.186087856271888,2.2710581643581374e-09,3.5535562694350423e-09,0,10.0,41
ENSG00000215478.8,CES5AP1,NA,NA,NA,NA,0.167846158827839,1.639909271869809e-08,2.4100266138739288e-08,0,NA,79
ENSG00000215493.3,XXbac-B562F10.11,NA,NA,NA,NA,0.0575143911436351,0.0013466980454010851,0.0014065546937757382,0,NA,34
ENSG00000221890.3,NPTXR,NA,NA,NA,NA,0.198069675011936,6.067945527929448e-10,9.902714655526778e-10,0,NA,32
ENSG00000223553.6,SMPD4P1,NA,NA,NA,NA,0.209732251768552,1.650890136872404e-10,2.804803731062065e-10,0,NA,62
ENSG00000223704.1,LINC01422,NA,NA,NA,NA,0.0688153136365124,0.00043619299113301796,0.00046803003649774247,0,10.0,11
ENSG00000223843.4,EFCAB6-AS1,NA,NA,NA,NA,0.145781859309481,1.70705159749396e-07,2.3490175344877198e-07,0,NA,34
ENSG00000224205.1,AP000351.4,NA,NA,NA,NA,0.192101582914509,1.1735109420086057e-09,1.879090020072337e-09,0,NA,57
ENSG00000224271.5,RP11-191L9.4,NA,NA,NA,NA,0.157580035014045,4.908623413070092e-08,7.007525158372903e-08,0,NA,42
ENSG00000224404.1,LL22NC03-13G6.2,NA,NA,NA,NA,0.246328094387154,2.471134900109868e-12,4.75692173941116e-12,0,11.0,66
ENSG00000224715.1,CITF22-49D8.1,NA,NA,NA,NA,0.0945985452910482,3.290171793219502e-05,3.826594738746935e-05,0,5.0,22
ENSG00000224883.1,CTA-250D10.19,NA,NA,NA,NA,0.0630587885903976,0.000774611399890153,0.0008197569157095976,0,10.0,48
ENSG00000225282.1,AP000350.6,NA,NA,NA,NA,0.0679667213630043,0.00047473950102015024,0.0005080254525242419,0,NA,11
ENSG00000225335.3,XXbac-B476C20.9,NA,NA,NA,NA,0.254147908294929,9.824688569679171e-13,1.9429452987131344e-12,0,NA,32
ENSG00000225450.1,RP3-508I15.14,NA,NA,NA,NA,0.047437938871031,0.0036862666051019465,0.003784292465662199,0,NA,13
ENSG00000225724.1,ASH2LP3,NA,NA,NA,NA,0.211659645414315,1.32912431477114e-10,2.2732677222854122e-10,0,NA,46
ENSG00000226085.3,UQCRFS1P1,NA,NA,NA,NA,0.0388190180219701,0.008768393025184406,0.008908989839145674,0,NA,13
ENSG00000226287.8,TMEM191A,NA,NA,NA,NA,0.131614263672303,7.488579268413205e-07,9.839134322634137e-07,0,NA,21
ENSG00000226450.2,CYP2D8P,NA,NA,NA,NA,0.0969984911959215,2.582332654674317e-05,3.03213705190385e-05,0,10.0,23
ENSG00000226471.6,CTA-292E10.6,NA,NA,NA,NA,0.320126221744417,2.783230641458283e-16,7.135134802934907e-16,0,NA,68
ENSG00000227188.1,MGAT3-AS1,NA,NA,NA,NA,0.0693263141567591,0.0004145053026888806,0.0004454356398953725,0,NA,22
ENSG00000227201.2,CNN2P1,NA,NA,NA,NA,0.096132036468215,2.8184651474910442e-05,3.295921824506518e-05,0,NA,51
ENSG00000227895.5,ISX-AS1,NA,NA,NA,NA,0.261173393228766,4.25651090919646e-13,8.639015293504986e-13,0,NA,43
ENSG00000228274.3,RP3-508I15.9,NA,NA,NA,NA,0.303776782666756,2.2563141435869255e-15,5.434079777529927e-15,0,NA,54
ENSG00000228839.5,PIK3IP1-AS1,NA,NA,NA,NA,0.0688295991297235,0.0004355715709180585,0.0004674724440597034,0,NA,22
ENSG00000229770.1,CTA-796E4.4,NA,NA,NA,NA,0.191944501003419,1.193990820585697e-09,1.9098864309786534e-09,0,NA,43
ENSG00000231466.2,CTA-246H3.11,NA,NA,NA,NA,0.0690206193292187,0.0004273465938585097,0.0004588058546824009,0,NA,13
ENSG00000231907.2,GAPDHP37,NA,NA,NA,NA,0.0294663747029975,0.02272623560318918,0.022991483453215392,0,NA,11
ENSG00000232346.1,SC22CB-1E7.1,NA,NA,NA,NA,0.0666794968156385,0.0005397997156755717,0.0005760371414201107,0,12.0,21
ENSG00000235159.1,RP6-109B7.4,NA,NA,NA,NA,0.192121743537803,1.170907769282898e-09,1.8755754156504996e-09,0,NA,24
ENSG00000235271.5,LINC01422,NA,NA,NA,NA,0.150043053222025,1.0900733974177922e-07,1.519817052424078e-07,0,10.0,23
ENSG00000235478.4,LINC01664,NA,NA,NA,NA,0.0892514998908783,5.6375202800031015e-05,6.448093655255633e-05,0,NA,11
ENSG00000235513.1,RP4-756G23.5,NA,NA,NA,NA,0.143101482328891,2.2613843047357192e-07,3.084560420414458e-07,0,NA,24
ENSG00000235776.2,AC000089.3,NA,NA,NA,NA,0.308201194246429,1.2867469392626916e-15,3.1426451031221714e-15,0,NA,90
ENSG00000235954.6,TTC28-AS1,NA,NA,NA,NA,0.179737723604734,4.539336650232215e-09,6.947763641901315e-09,0,10.0,25
ENSG00000236540.7,AC006547.13,NA,NA,NA,NA,0.0876797016861057,6.602457022747525e-05,7.504128540945604e-05,0,NA,35
ENSG00000236670.1,KRT18P5,NA,NA,NA,NA,0.101639078897723,1.6148535602666655e-05,1.923172328156853e-05,0,NA,22
ENSG00000236754.5,AC004019.13,NA,NA,NA,NA,0.105010099557683,1.1471986104042654e-05,1.3850802670689082e-05,0,NA,38
ENSG00000237015.1,CTA-984G1.5,NA,NA,NA,NA,0.134059992706742,5.809371783204774e-07,7.68670909333028e-07,0,NA,31
ENSG00000237037.9,NDUFA6-AS1,NA,NA,NA,NA,0.0863347432622537,7.55746942842975e-05,8.554688168348184e-05,0,10.0,11
ENSG00000237316.1,RP1-288L1.4,NA,NA,NA,NA,0.132572671715557,6.779786513907261e-07,8.934692841333895e-07,0,NA,23
ENSG00000237476.1,LINC01637,NA,NA,NA,NA,0.0932960491852216,3.751913936648544e-05,4.3487555506404465e-05,0,NA,24
ENSG00000237517.9,DGCR5,NA,NA,NA,NA,0.148545507092125,1.2764461170731094e-07,1.769995008099567e-07,0,NA,22
ENSG00000237668.1,RPS15AP38,NA,NA,NA,NA,0.163541864574463,2.6004638817775097e-08,3.7799497145660116e-08,0,11.0,34
ENSG00000238125.1,SLC9A3P2,NA,NA,NA,NA,0.189168110642709,1.620292027455748e-09,2.565439108782253e-09,0,NA,10
ENSG00000239713.8,APOBEC3G,NA,NA,NA,NA,0.0940566318801971,3.47498895812303e-05,4.0354143765463096e-05,0,NA,11
ENSG00000239900.12,ADSL,NA,NA,NA,NA,0.0778377810127856,0.00017709302625043387,0.00019475792721495243,0,NA,10
ENSG00000240972.1,MIF,NA,NA,NA,NA,0.124556741436326,1.5534541536756257e-06,1.9956846705776916e-06,0,NA,53
ENSG00000241973.10,PI4KA,NA,NA,NA,NA,0.071343709939889,0.00033889628415857166,0.0003659394827651847,0,NA,11
ENSG00000241990.5,PRR34-AS1,NA,NA,NA,NA,0.165635378019468,2.0786064245797085e-08,3.038701007006899e-08,0,NA,108
ENSG00000242082.1,RP1-90G24.10,NA,NA,NA,NA,0.113799617811068,4.685794991387046e-06,5.820343974701119e-06,0,12.0,30
ENSG00000242114.5,MTFP1,NA,NA,NA,NA,0.150855828881292,1.0004875534643277e-07,1.3976706159693238e-07,0,NA,53
ENSG00000243811.8,APOBEC3D,NA,NA,NA,NA,0.0332767923944528,0.015384932674467434,0.015583371338662416,0,NA,13
ENSG00000243902.6,ELFN2,NA,NA,NA,NA,0.203243842417501,3.413134662688107e-10,5.670864607735684e-10,0,NA,95
ENSG00000244486.8,SCARF2,NA,NA,NA,NA,0.0904636309613223,4.990372836741123e-05,5.730726862139412e-05,0,NA,11
ENSG00000250261.1,CCDC74BP1,NA,NA,NA,NA,0.120025130381527,2.4762418306817e-06,3.1377340974077316e-06,0,NA,31
ENSG00000250318.1,CTA-963H5.5,NA,NA,NA,NA,0.0839544707056291,9.596569338699136e-05,0.00010776494632604211,0,NA,10
ENSG00000250470.1,AP000351.3,NA,NA,NA,NA,0.0918253091884302,4.3511353708211535e-05,5.019868381103058e-05,0,NA,11
ENSG00000250479.8,CHCHD10,NA,NA,NA,NA,0.0915235308263856,4.48538528725774e-05,5.170855711333013e-05,0,NA,35
ENSG00000251322.7,SHANK3,NA,NA,NA,NA,0.134225943366884,5.710029717872903e-07,7.561797787232089e-07,0,NA,35
ENSG00000253352.8,TUG1,NA,NA,NA,NA,0.361741327245941,1.0772249714721847e-18,3.2947879620127938e-18,0,NA,69
ENSG00000260924.2,LINC01311,NA,NA,NA,NA,0.101710029166876,1.6032869026993228e-05,1.9101400495333737e-05,0,NA,10
ENSG00000261202.1,RP3-496C20.1,NA,NA,NA,NA,0.154606739356009,6.729053441768794e-08,9.51616792719281e-08,0,NA,20
ENSG00000261251.1,RP3-388M5.9,NA,NA,NA,NA,0.0770882419180355,0.00019088144268890168,0.00020943619482035212,0,NA,64
ENSG00000261675.1,RP5-1119A7.17,NA,NA,NA,NA,0.137215670962426,4.183080095490246e-07,5.598563717023216e-07,0,11.0,36
ENSG00000263366.2,ABHD17AP5,NA,NA,NA,NA,0.125051560206061,1.4761879139151766e-06,1.8990779267785833e-06,0,NA,25
ENSG00000270083.1,RP1-257I20.14,NA,NA,NA,NA,0.0730720967139207,0.00028516801100913266,0.00030963409184021635,0,10.0,11
ENSG00000271275.1,AC007326.9,NA,NA,NA,NA,0.265524166759944,2.5261181502486e-13,5.206364639857365e-13,0,NA,143
ENSG00000272669.1,RP3-508I15.21,NA,NA,NA,NA,0.169988227558553,1.302701031990006e-08,1.9298963369758424e-08,0,NA,22
ENSG00000272720.1,CTA-228A9.3,NA,NA,NA,NA,0.13632647803132,4.589098372730139e-07,6.124130115997751e-07,0,13.0,45
ENSG00000272787.1,KB-226F1.2,NA,NA,NA,NA,0.164463296876385,2.3564614753087688e-08,3.432334818506178e-08,0,NA,90
ENSG00000272798.1,CTA-390C10.9,NA,NA,NA,NA,0.134100500609479,5.784965816794657e-07,7.656621423899354e-07,0,NA,12
ENSG00000272829.1,XXbac-B135H6.18,NA,NA,NA,NA,0.0801015010672219,0.000141189909585866,0.000156276700310196,0,NA,23
ENSG00000272836.1,RP3-402G11.27,NA,NA,NA,NA,0.038975333675734,0.008631046944305212,0.008772351695163307,0,NA,109
ENSG00000272872.1,LL22NC03-N14H11.1,NA,NA,NA,NA,0.110492792488746,6.567105896590677e-06,8.08394546863279e-06,0,10.0,24
ENSG00000272940.1,CTA-384D8.33,NA,NA,NA,NA,0.0509813698444043,0.0025858117577770776,0.0026682882334294463,0,NA,66
ENSG00000273044.1,RP4-569D19.8,NA,NA,NA,NA,0.268022807768219,1.8695788100559053e-13,3.891637994289456e-13,0,10.0,55
ENSG00000273137.1,RP3-402G11.28,NA,NA,NA,NA,0.10326630914874,1.3692906133256498e-05,1.6422193127837188e-05,0,NA,24
ENSG00000273164.1,DGCR10,NA,NA,NA,NA,0.0765760435255688,0.0002009140211007694,0.00022007606412420948,0,NA,42
ENSG00000273216.1,AC002059.10,NA,NA,NA,NA,0.209488346404161,1.696750592668378e-10,2.878992510699364e-10,0,NA,55
ENSG00000273253.2,RP3-402G11.26,NA,NA,NA,NA,0.193441022163073,1.012426996759339e-09,1.6293885525004043e-09,0,NA,48
ENSG00000273300.1,AC000068.9,NA,NA,NA,NA,0.182982112492606,3.18847356859607e-09,4.9286162766252845e-09,0,NA,42
ENSG00000273311.1,DGCR11,NA,NA,NA,NA,0.20503285557413,2.795198567754931e-10,4.676308164699983e-10,0,NA,42
ENSG00000273350.1,RP4-539M6.20,NA,NA,NA,NA,0.297024327411529,5.281937900666714e-15,1.2399194029464939e-14,0,NA,119
ENSG00000273899.4,NOL12,NA,NA,NA,NA,0.203702263589794,3.242974266571852e-10,5.398885225813041e-10,0,13.0,20
ENSG00000274422.1,LL22NC03-2H8.5,NA,NA,NA,NA,0.169295390577234,1.4034762404923344e-08,2.0745076733660826e-08,0,NA,21
ENSG00000275004.3,ZNF280B,NA,NA,NA,NA,0.125387591384825,1.4259022495674062e-06,1.836701229360063e-06,0,NA,22
ENSG00000277232.2,GTSE1-AS1,NA,NA,NA,NA,0.282703563150693,3.126856890384813e-14,6.887931217658994e-14,0,NA,63
ENSG00000278558.4,TMEM191B,NA,NA,NA,NA,0.161682032135211,3.171749410350018e-08,4.587129479347704e-08,0,NA,58
ENSG00000278881.2,RP3-477J10.1,NA,NA,NA,NA,0.34168768313358,1.6337176760761318e-17,4.605890766427585e-17,0,11.0,80
ENSG00000279159.1,RP3-394A18.1,NA,NA,NA,NA,0.276039952355891,7.070927427342821e-14,1.5197118409924173e-13,0,NA,58
ENSG00000279278.1,CH17-264L24.1,NA,NA,NA,NA,0.180850700198772,4.021847335087959e-09,6.178353672427381e-09,0,NA,21
ENSG00000279805.1,CTA-212A2.1,NA,NA,NA,NA,0.0735392547158714,0.0002721652933595985,0.0002958654419531461,0,21.0,13
ENSG00000279833.1,RP4-742C19.13,NA,NA,NA,NA,0.0590234683939531,0.0011584717584022265,0.0012139642468293405,0,NA,32
ENSG00000279954.1,WI2-85898F10.2,NA,NA,NA,NA,0.134738269737624,5.413842995537748e-07,7.182480007122963e-07,0,NA,69
ENSG00000280216.1,RP3-333H23.9,NA,NA,NA,NA,0.116406700796437,3.5888177409392293e-06,4.497280060522319e-06,0,NA,23
ENSG00000280383.1,CTA-941F9.10,NA,NA,NA,NA,0.0797106972085716,0.00014682397734280442,0.00016227820327507363,0,NA,53
ENSG00000280434.1,RP4-671O14.6,NA,NA,NA,NA,0.15602836549719,5.7876539582210927e-08,8.222818086923673e-08,0,NA,47
ENSG00000281538.1,RP4-669P10.20,NA,NA,NA,NA,0.181863350143228,3.6019947888931727e-09,5.54450127665446e-09,0,10.0,34
ENSG00000283366.1,AC000095.12,NA,NA,NA,NA,0.198537081849013,5.761394706930935e-10,9.422515942912323e-10,0,NA,32
ENSG00000283633.1,AC005301.9,NA,NA,NA,NA,0.114066729431787,4.559595202254705e-06,5.669719951051053e-06,0,NA,22
ENSG00000284070.1,KB-1995A5.5,NA,NA,NA,NA,0.0133341208000394,0.12697937639504642,0.12799632587138635,0,NA,10
ENSG00000284128.1,BCRP3,NA,NA,NA,NA,0.264051677745989,3.014993698760257e-13,6.182049119439687e-13,0,NA,75
